EventNum, EventIDType, EventName, EventData
1,1,kick,0
2,2,tackle,100
3,2,tackle,105
4,1,kick,0
5,3,pass,0
6,3,pass,0
7,1,kick,0
8,1,kick,0
9,2,tackle,66
10,2,tackle,98
11,1,kick,0
12,3,pass,0
13,2,tackle,89
14,3,pass,0
15,1,kick,0
16,2,tackle,62
17,3,pass,0
18,3,pass,0
19,2,tackle,63
20,1,kick,0
21,2,tackle,50
22,3,pass,0
23,3,pass,0
24,3,pass,0
25,1,kick,0
26,1,kick,0
27,3,pass,0
28,1,kick,0
29,3,pass,0
30,1,kick,0
31,3,pass,0
32,3,pass,0
33,1,kick,0
34,3,pass,0
35,2,tackle,87
36,3,pass,0
37,2,tackle,80
38,3,pass,0
39,2,tackle,71
40,3,pass,0
41,3,pass,0
42,3,pass,0
43,3,pass,0
44,3,pass,0
45,3,pass,0
46,3,pass,0
47,2,tackle,76
48,1,kick,0
49,2,tackle,76
50,1,kick,0
51,3,pass,0
52,3,pass,0
53,3,pass,0
54,3,pass,0
55,3,pass,0
56,3,pass,0
57,3,pass,0
58,2,tackle,86
59,2,tackle,74
60,2,tackle,89
61,3,pass,0
62,3,pass,0
63,2,tackle,79
64,3,pass,0
65,1,kick,0
66,1,kick,0
67,3,pass,0
68,2,tackle,99
69,3,pass,0
70,2,tackle,89
71,2,tackle,59
72,3,pass,0
73,2,tackle,49
74,2,tackle,72
75,3,pass,0
76,1,kick,0
77,2,tackle,87
78,1,kick,0
79,1,kick,0
80,3,pass,0
81,2,tackle,61
82,2,tackle,103
83,3,pass,0
84,1,kick,0
85,3,pass,0
86,3,pass,0
87,3,pass,0
88,3,pass,0
89,2,tackle,51
90,1,kick,0
91,3,pass,0
92,3,pass,0
93,2,tackle,102
94,3,pass,0
95,2,tackle,54
96,3,pass,0
97,2,tackle,49
98,1,kick,0
99,1,kick,0
100,3,pass,0
101,2,tackle,90
102,2,tackle,57
103,1,kick,0
104,3,pass,0
105,1,kick,0
106,3,pass,0
107,2,tackle,95
108,2,tackle,98
109,2,tackle,100
110,2,tackle,57
111,3,pass,0
112,1,kick,0
113,2,tackle,79
114,2,tackle,53
115,1,kick,0
116,1,kick,0
117,2,tackle,65
118,2,tackle,64
119,2,tackle,100
120,1,kick,0
121,3,pass,0
122,1,kick,0
123,1,kick,0
124,3,pass,0
125,1,kick,0
126,2,tackle,52
127,2,tackle,92
128,3,pass,0
129,3,pass,0
130,2,tackle,88
131,1,kick,0
132,1,kick,0
133,2,tackle,106
134,1,kick,0
135,3,pass,0
136,3,pass,0
137,3,pass,0
138,1,kick,0
139,3,pass,0
140,3,pass,0
141,1,kick,0
142,3,pass,0
143,2,tackle,57
144,2,tackle,74
145,3,pass,0
146,2,tackle,94
147,3,pass,0
148,2,tackle,85
149,2,tackle,88
150,3,pass,0
151,1,kick,0
152,3,pass,0
153,1,kick,0
154,2,tackle,49
155,2,tackle,64
156,3,pass,0
157,2,tackle,104
158,3,pass,0
159,1,kick,0
160,1,kick,0
161,2,tackle,104
162,2,tackle,83
163,3,pass,0
164,2,tackle,74
165,3,pass,0
166,2,tackle,49
167,1,kick,0
168,2,tackle,100
169,2,tackle,70
170,1,kick,0
171,3,pass,0
172,1,kick,0
173,1,kick,0
174,3,pass,0
175,2,tackle,49
176,2,tackle,99
177,3,pass,0
178,3,pass,0
179,3,pass,0
180,1,kick,0
181,3,pass,0
182,1,kick,0
183,2,tackle,74
184,2,tackle,84
185,1,kick,0
186,1,kick,0
187,3,pass,0
188,1,kick,0
189,1,kick,0
190,2,tackle,65
191,1,kick,0
192,1,kick,0
193,2,tackle,78
194,3,pass,0
195,2,tackle,105
196,3,pass,0
197,3,pass,0
198,1,kick,0
199,2,tackle,57
200,1,kick,0
201,3,pass,0
202,3,pass,0
203,2,tackle,93
204,3,pass,0
205,3,pass,0
206,2,tackle,60
207,3,pass,0
208,2,tackle,88
209,2,tackle,96
210,1,kick,0
211,2,tackle,90
212,2,tackle,72
213,2,tackle,51
214,3,pass,0
215,1,kick,0
216,2,tackle,96
217,3,pass,0
218,2,tackle,93
219,1,kick,0
220,3,pass,0
221,2,tackle,84
222,2,tackle,84
223,3,pass,0
224,3,pass,0
225,3,pass,0
226,2,tackle,55
227,1,kick,0
228,3,pass,0
229,1,kick,0
230,1,kick,0
231,3,pass,0
232,1,kick,0
233,1,kick,0
234,3,pass,0
235,1,kick,0
236,1,kick,0
237,2,tackle,83
238,2,tackle,97
239,3,pass,0
240,3,pass,0
241,3,pass,0
242,3,pass,0
243,1,kick,0
244,2,tackle,90
245,1,kick,0
246,2,tackle,104
247,3,pass,0
248,2,tackle,87
249,2,tackle,74
250,1,kick,0
251,1,kick,0
252,3,pass,0
253,2,tackle,82
254,2,tackle,86
255,3,pass,0
256,1,kick,0
257,1,kick,0
258,2,tackle,105
259,3,pass,0
260,1,kick,0
261,3,pass,0
262,2,tackle,49
263,2,tackle,77
264,3,pass,0
265,1,kick,0
266,2,tackle,61
267,3,pass,0
268,3,pass,0
269,1,kick,0
270,3,pass,0
271,2,tackle,56
272,2,tackle,59
273,1,kick,0
274,1,kick,0
275,2,tackle,95
276,1,kick,0
277,2,tackle,57
278,1,kick,0
279,3,pass,0
280,2,tackle,84
281,2,tackle,104
282,1,kick,0
283,2,tackle,78
284,2,tackle,77
285,2,tackle,50
286,1,kick,0
287,2,tackle,81
288,1,kick,0
289,2,tackle,63
290,2,tackle,86
291,1,kick,0
292,3,pass,0
293,3,pass,0
294,1,kick,0
295,3,pass,0
296,3,pass,0
297,2,tackle,58
298,3,pass,0
299,3,pass,0
300,3,pass,0
301,2,tackle,91
302,3,pass,0
303,3,pass,0
304,3,pass,0
305,2,tackle,106
306,3,pass,0
307,1,kick,0
308,1,kick,0
309,3,pass,0
310,3,pass,0
311,3,pass,0
312,2,tackle,78
313,3,pass,0
314,2,tackle,78
315,2,tackle,99
316,2,tackle,50
317,3,pass,0
318,1,kick,0
319,3,pass,0
320,3,pass,0
321,2,tackle,64
322,3,pass,0
323,1,kick,0
324,1,kick,0
325,1,kick,0
326,3,pass,0
327,1,kick,0
328,3,pass,0
329,3,pass,0
330,2,tackle,51
331,2,tackle,75
332,1,kick,0
333,1,kick,0
334,3,pass,0
335,2,tackle,101
336,2,tackle,55
337,2,tackle,82
338,1,kick,0
339,2,tackle,51
340,3,pass,0
341,3,pass,0
342,3,pass,0
343,3,pass,0
344,2,tackle,100
345,3,pass,0
346,2,tackle,57
347,1,kick,0
348,3,pass,0
349,2,tackle,93
350,3,pass,0
351,1,kick,0
352,2,tackle,64
353,2,tackle,74
354,3,pass,0
355,3,pass,0
356,3,pass,0
357,3,pass,0
358,3,pass,0
359,3,pass,0
360,3,pass,0
361,2,tackle,98
362,1,kick,0
363,1,kick,0
364,1,kick,0
365,2,tackle,93
366,2,tackle,67
367,1,kick,0
368,2,tackle,82
369,1,kick,0
370,2,tackle,103
371,2,tackle,79
372,2,tackle,72
373,3,pass,0
374,1,kick,0
375,1,kick,0
376,3,pass,0
377,3,pass,0
378,3,pass,0
379,3,pass,0
380,1,kick,0
381,2,tackle,54
382,1,kick,0
383,2,tackle,93
384,2,tackle,77
385,2,tackle,56
386,3,pass,0
387,3,pass,0
388,2,tackle,75
389,1,kick,0
390,3,pass,0
391,3,pass,0
392,1,kick,0
393,3,pass,0
394,3,pass,0
395,1,kick,0
396,2,tackle,52
397,3,pass,0
398,2,tackle,78
399,2,tackle,79
400,3,pass,0
401,1,kick,0
402,2,tackle,80
403,2,tackle,86
404,1,kick,0
405,1,kick,0
406,3,pass,0
407,1,kick,0
408,1,kick,0
409,1,kick,0
410,1,kick,0
411,3,pass,0
412,3,pass,0
413,1,kick,0
414,3,pass,0
415,1,kick,0
416,1,kick,0
417,1,kick,0
418,2,tackle,98
419,2,tackle,51
420,1,kick,0
421,1,kick,0
422,1,kick,0
423,3,pass,0
424,1,kick,0
425,3,pass,0
426,3,pass,0
427,2,tackle,67
428,1,kick,0
429,3,pass,0
430,3,pass,0
431,2,tackle,83
432,3,pass,0
433,2,tackle,67
434,2,tackle,56
435,1,kick,0
436,1,kick,0
437,1,kick,0
438,1,kick,0
439,2,tackle,54
440,3,pass,0
441,2,tackle,78
442,1,kick,0
443,1,kick,0
444,3,pass,0
445,1,kick,0
446,1,kick,0
447,1,kick,0
448,2,tackle,77
449,2,tackle,57
450,2,tackle,67
451,3,pass,0
452,3,pass,0
453,2,tackle,49
454,2,tackle,98
455,2,tackle,99
456,1,kick,0
457,2,tackle,77
458,2,tackle,57
459,2,tackle,79
460,2,tackle,76
461,1,kick,0
462,1,kick,0
463,2,tackle,51
464,1,kick,0
465,2,tackle,61
466,3,pass,0
467,3,pass,0
468,2,tackle,106
469,2,tackle,86
470,1,kick,0
471,3,pass,0
472,2,tackle,53
473,1,kick,0
474,2,tackle,61
475,2,tackle,51
476,3,pass,0
477,1,kick,0
478,2,tackle,84
479,1,kick,0
480,3,pass,0
481,3,pass,0
482,3,pass,0
483,1,kick,0
484,2,tackle,88
485,3,pass,0
486,2,tackle,54
487,1,kick,0
488,1,kick,0
489,3,pass,0
490,3,pass,0
491,1,kick,0
492,3,pass,0
493,3,pass,0
494,1,kick,0
495,3,pass,0
496,1,kick,0
497,1,kick,0
498,3,pass,0
499,2,tackle,97
500,1,kick,0
501,2,tackle,80
502,1,kick,0
503,3,pass,0
504,2,tackle,61
505,2,tackle,71
506,2,tackle,78
507,1,kick,0
508,1,kick,0
509,3,pass,0
510,1,kick,0
511,2,tackle,76
512,1,kick,0
513,3,pass,0
514,3,pass,0
515,1,kick,0
516,2,tackle,86
517,1,kick,0
518,3,pass,0
519,2,tackle,85
520,3,pass,0
521,2,tackle,53
522,2,tackle,53
523,2,tackle,105
524,1,kick,0
525,1,kick,0
526,2,tackle,52
527,2,tackle,54
528,1,kick,0
529,2,tackle,98
530,1,kick,0
531,2,tackle,75
532,2,tackle,80
533,1,kick,0
534,1,kick,0
535,1,kick,0
536,2,tackle,89
537,2,tackle,60
538,3,pass,0
539,1,kick,0
540,3,pass,0
541,3,pass,0
542,1,kick,0
543,1,kick,0
544,2,tackle,78
545,1,kick,0
546,3,pass,0
547,2,tackle,103
548,1,kick,0
549,3,pass,0
550,3,pass,0
551,3,pass,0
552,2,tackle,64
553,3,pass,0
554,3,pass,0
555,3,pass,0
556,1,kick,0
557,2,tackle,103
558,3,pass,0
559,3,pass,0
560,2,tackle,72
561,3,pass,0
562,1,kick,0
563,3,pass,0
564,1,kick,0
565,2,tackle,60
566,3,pass,0
567,1,kick,0
568,1,kick,0
569,3,pass,0
570,1,kick,0
571,2,tackle,51
572,3,pass,0
573,1,kick,0
574,3,pass,0
575,3,pass,0
576,3,pass,0
577,3,pass,0
578,1,kick,0
579,2,tackle,75
580,1,kick,0
581,3,pass,0
582,1,kick,0
583,3,pass,0
584,3,pass,0
585,2,tackle,80
586,2,tackle,90
587,3,pass,0
588,2,tackle,96
589,2,tackle,103
590,1,kick,0
591,1,kick,0
592,3,pass,0
593,2,tackle,84
594,3,pass,0
595,2,tackle,106
596,2,tackle,86
597,1,kick,0
598,2,tackle,53
599,1,kick,0
600,1,kick,0
601,3,pass,0
602,2,tackle,59
603,2,tackle,59
604,3,pass,0
605,3,pass,0
606,1,kick,0
607,3,pass,0
608,2,tackle,79
609,2,tackle,85
610,3,pass,0
611,1,kick,0
612,2,tackle,67
613,1,kick,0
614,3,pass,0
615,1,kick,0
616,1,kick,0
617,3,pass,0
618,2,tackle,70
619,3,pass,0
620,3,pass,0
621,1,kick,0
622,2,tackle,84
623,2,tackle,75
624,1,kick,0
625,3,pass,0
626,2,tackle,85
627,2,tackle,103
628,1,kick,0
629,3,pass,0
630,2,tackle,73
631,3,pass,0
632,1,kick,0
633,3,pass,0
634,1,kick,0
635,3,pass,0
636,1,kick,0
637,1,kick,0
638,1,kick,0
639,2,tackle,85
640,3,pass,0
641,2,tackle,65
642,1,kick,0
643,2,tackle,99
644,3,pass,0
645,2,tackle,84
646,1,kick,0
647,1,kick,0
648,3,pass,0
649,3,pass,0
650,3,pass,0
651,2,tackle,73
652,3,pass,0
653,1,kick,0
654,1,kick,0
655,1,kick,0
656,2,tackle,103
657,3,pass,0
658,2,tackle,106
659,3,pass,0
660,3,pass,0
661,3,pass,0
662,2,tackle,86
663,1,kick,0
664,3,pass,0
665,1,kick,0
666,2,tackle,84
667,1,kick,0
668,1,kick,0
669,2,tackle,70
670,2,tackle,101
671,3,pass,0
672,1,kick,0
673,3,pass,0
674,1,kick,0
675,3,pass,0
676,3,pass,0
677,2,tackle,52
678,3,pass,0
679,2,tackle,91
680,2,tackle,103
681,2,tackle,90
682,2,tackle,91
683,2,tackle,75
684,1,kick,0
685,3,pass,0
686,1,kick,0
687,2,tackle,83
688,1,kick,0
689,3,pass,0
690,3,pass,0
691,2,tackle,103
692,1,kick,0
693,1,kick,0
694,3,pass,0
695,1,kick,0
696,3,pass,0
697,2,tackle,81
698,3,pass,0
699,1,kick,0
700,1,kick,0
701,2,tackle,50
702,1,kick,0
703,1,kick,0
704,2,tackle,63
705,2,tackle,100
706,3,pass,0
707,3,pass,0
708,1,kick,0
709,1,kick,0
710,2,tackle,48
711,1,kick,0
712,1,kick,0
713,2,tackle,65
714,1,kick,0
715,3,pass,0
716,2,tackle,64
717,2,tackle,51
718,1,kick,0
719,3,pass,0
720,2,tackle,98
721,2,tackle,99
722,3,pass,0
723,2,tackle,101
724,2,tackle,52
725,2,tackle,78
726,1,kick,0
727,3,pass,0
728,3,pass,0
729,3,pass,0
730,3,pass,0
731,2,tackle,49
732,3,pass,0
733,3,pass,0
734,2,tackle,54
735,2,tackle,53
736,3,pass,0
737,1,kick,0
738,2,tackle,87
739,1,kick,0
740,1,kick,0
741,2,tackle,95
742,3,pass,0
743,1,kick,0
744,1,kick,0
745,1,kick,0
746,2,tackle,95
747,3,pass,0
748,3,pass,0
749,2,tackle,75
750,1,kick,0
751,2,tackle,85
752,1,kick,0
753,2,tackle,84
754,2,tackle,67
755,3,pass,0
756,3,pass,0
757,1,kick,0
758,1,kick,0
759,3,pass,0
760,2,tackle,96
761,3,pass,0
762,1,kick,0
763,2,tackle,66
764,1,kick,0
765,2,tackle,92
766,2,tackle,88
767,1,kick,0
768,2,tackle,95
769,2,tackle,80
770,1,kick,0
771,3,pass,0
772,3,pass,0
773,1,kick,0
774,3,pass,0
775,2,tackle,64
776,3,pass,0
777,1,kick,0
778,2,tackle,92
779,3,pass,0
780,2,tackle,87
781,3,pass,0
782,3,pass,0
783,3,pass,0
784,2,tackle,103
785,1,kick,0
786,3,pass,0
787,2,tackle,83
788,1,kick,0
789,2,tackle,89
790,2,tackle,67
791,3,pass,0
792,2,tackle,90
793,3,pass,0
794,2,tackle,54
795,3,pass,0
796,3,pass,0
797,2,tackle,68
798,2,tackle,106
799,3,pass,0
800,2,tackle,78
801,1,kick,0
802,3,pass,0
803,1,kick,0
804,2,tackle,91
805,1,kick,0
806,2,tackle,78
807,2,tackle,93
808,3,pass,0
809,2,tackle,79
810,3,pass,0
811,2,tackle,83
812,2,tackle,51
813,1,kick,0
814,1,kick,0
815,2,tackle,93
816,3,pass,0
817,2,tackle,87
818,1,kick,0
819,3,pass,0
820,3,pass,0
821,3,pass,0
822,3,pass,0
823,3,pass,0
824,3,pass,0
825,1,kick,0
826,1,kick,0
827,3,pass,0
828,2,tackle,84
829,3,pass,0
830,1,kick,0
831,3,pass,0
832,2,tackle,62
833,2,tackle,49
834,3,pass,0
835,3,pass,0
836,3,pass,0
837,3,pass,0
838,2,tackle,85
839,1,kick,0
840,3,pass,0
841,3,pass,0
842,1,kick,0
843,1,kick,0
844,2,tackle,55
845,3,pass,0
846,2,tackle,53
847,3,pass,0
848,3,pass,0
849,3,pass,0
850,2,tackle,76
851,2,tackle,92
852,2,tackle,84
853,3,pass,0
854,3,pass,0
855,3,pass,0
856,2,tackle,94
857,3,pass,0
858,3,pass,0
859,2,tackle,78
860,2,tackle,98
861,2,tackle,48
862,1,kick,0
863,2,tackle,77
864,2,tackle,84
865,2,tackle,97
866,1,kick,0
867,2,tackle,83
868,2,tackle,98
869,1,kick,0
870,2,tackle,65
871,1,kick,0
872,2,tackle,55
873,2,tackle,59
874,2,tackle,91
875,1,kick,0
876,2,tackle,70
877,3,pass,0
878,2,tackle,59
879,3,pass,0
880,3,pass,0
881,3,pass,0
882,2,tackle,98
883,1,kick,0
884,1,kick,0
885,3,pass,0
886,1,kick,0
887,1,kick,0
888,3,pass,0
889,3,pass,0
890,3,pass,0
891,3,pass,0
892,1,kick,0
893,2,tackle,102
894,1,kick,0
895,3,pass,0
896,2,tackle,58
897,2,tackle,85
898,3,pass,0
899,1,kick,0
900,2,tackle,59
901,2,tackle,66
902,3,pass,0
903,1,kick,0
904,2,tackle,67
905,3,pass,0
906,1,kick,0
907,2,tackle,61
908,2,tackle,99
909,2,tackle,62
910,1,kick,0
911,3,pass,0
912,1,kick,0
913,3,pass,0
914,1,kick,0
915,1,kick,0
916,1,kick,0
917,2,tackle,102
918,2,tackle,72
919,1,kick,0
920,2,tackle,100
921,2,tackle,52
922,1,kick,0
923,1,kick,0
924,2,tackle,52
925,1,kick,0
926,2,tackle,50
927,2,tackle,53
928,3,pass,0
929,2,tackle,77
930,3,pass,0
931,3,pass,0
932,3,pass,0
933,2,tackle,64
934,1,kick,0
935,3,pass,0
936,2,tackle,70
937,1,kick,0
938,2,tackle,73
939,3,pass,0
940,2,tackle,68
941,2,tackle,106
942,2,tackle,48
943,2,tackle,101
944,3,pass,0
945,2,tackle,59
946,1,kick,0
947,2,tackle,87
948,1,kick,0
949,3,pass,0
950,2,tackle,60
951,2,tackle,57
952,1,kick,0
953,2,tackle,93
954,3,pass,0
955,3,pass,0
956,1,kick,0
957,2,tackle,50
958,2,tackle,82
959,3,pass,0
960,3,pass,0
961,1,kick,0
962,3,pass,0
963,1,kick,0
964,3,pass,0
965,3,pass,0
966,2,tackle,83
967,1,kick,0
968,1,kick,0
969,3,pass,0
970,3,pass,0
971,1,kick,0
972,1,kick,0
973,2,tackle,82
974,3,pass,0
975,2,tackle,83
976,2,tackle,56
977,1,kick,0
978,3,pass,0
979,2,tackle,67
980,2,tackle,89
981,3,pass,0
982,1,kick,0
983,2,tackle,89
984,1,kick,0
985,1,kick,0
986,1,kick,0
987,3,pass,0
988,2,tackle,66
989,2,tackle,106
990,2,tackle,73
991,2,tackle,60
992,2,tackle,105
993,1,kick,0
994,1,kick,0
995,1,kick,0
996,1,kick,0
997,3,pass,0
998,3,pass,0
999,2,tackle,94
1000,3,pass,0
1001,2,tackle,55
1002,3,pass,0
1003,2,tackle,86
1004,2,tackle,81
1005,2,tackle,104
1006,2,tackle,77
1007,1,kick,0
1008,2,tackle,94
1009,2,tackle,57
1010,1,kick,0
1011,3,pass,0
1012,2,tackle,69
1013,2,tackle,95
1014,3,pass,0
1015,2,tackle,78
1016,2,tackle,66
1017,3,pass,0
1018,3,pass,0
1019,2,tackle,91
1020,1,kick,0
1021,2,tackle,65
1022,3,pass,0
1023,2,tackle,67
1024,2,tackle,63
1025,2,tackle,82
1026,3,pass,0
1027,2,tackle,105
1028,1,kick,0
1029,2,tackle,87
1030,3,pass,0
1031,1,kick,0
1032,2,tackle,80
1033,3,pass,0
1034,1,kick,0
1035,3,pass,0
1036,3,pass,0
1037,2,tackle,59
1038,1,kick,0
1039,3,pass,0
1040,1,kick,0
1041,2,tackle,48
1042,2,tackle,95
1043,2,tackle,73
1044,2,tackle,80
1045,3,pass,0
1046,1,kick,0
1047,1,kick,0
1048,1,kick,0
1049,2,tackle,101
1050,2,tackle,61
1051,1,kick,0
1052,2,tackle,104
1053,3,pass,0
1054,1,kick,0
1055,3,pass,0
1056,2,tackle,80
1057,2,tackle,74
1058,3,pass,0
1059,2,tackle,80
1060,1,kick,0
1061,1,kick,0
1062,2,tackle,96
1063,3,pass,0
1064,1,kick,0
1065,1,kick,0
1066,2,tackle,55
1067,2,tackle,64
1068,3,pass,0
1069,1,kick,0
1070,2,tackle,60
1071,2,tackle,83
1072,3,pass,0
1073,3,pass,0
1074,2,tackle,98
1075,1,kick,0
1076,2,tackle,65
1077,2,tackle,61
1078,1,kick,0
1079,3,pass,0
1080,3,pass,0
1081,2,tackle,94
1082,3,pass,0
1083,3,pass,0
1084,1,kick,0
1085,3,pass,0
1086,3,pass,0
1087,2,tackle,53
1088,1,kick,0
1089,1,kick,0
1090,3,pass,0
1091,1,kick,0
1092,2,tackle,71
1093,2,tackle,81
1094,2,tackle,92
1095,2,tackle,81
1096,1,kick,0
1097,2,tackle,50
1098,1,kick,0
1099,2,tackle,60
1100,2,tackle,57
1101,3,pass,0
1102,2,tackle,71
1103,3,pass,0
1104,1,kick,0
1105,2,tackle,104
1106,2,tackle,93
1107,3,pass,0
1108,3,pass,0
1109,3,pass,0
1110,1,kick,0
1111,3,pass,0
1112,1,kick,0
1113,1,kick,0
1114,1,kick,0
1115,2,tackle,69
1116,1,kick,0
1117,3,pass,0
1118,1,kick,0
1119,2,tackle,90
1120,3,pass,0
1121,1,kick,0
1122,2,tackle,89
1123,3,pass,0
1124,2,tackle,97
1125,1,kick,0
1126,3,pass,0
1127,3,pass,0
1128,2,tackle,82
1129,3,pass,0
1130,2,tackle,65
1131,1,kick,0
1132,3,pass,0
1133,2,tackle,98
1134,2,tackle,48
1135,1,kick,0
1136,2,tackle,49
1137,3,pass,0
1138,1,kick,0
1139,2,tackle,68
1140,2,tackle,94
1141,2,tackle,78
1142,1,kick,0
1143,3,pass,0
1144,1,kick,0
1145,1,kick,0
1146,1,kick,0
1147,3,pass,0
1148,1,kick,0
1149,1,kick,0
1150,1,kick,0
1151,2,tackle,97
1152,1,kick,0
1153,3,pass,0
1154,3,pass,0
1155,1,kick,0
1156,3,pass,0
1157,1,kick,0
1158,1,kick,0
1159,1,kick,0
1160,3,pass,0
1161,3,pass,0
1162,3,pass,0
1163,2,tackle,100
1164,2,tackle,65
1165,2,tackle,55
1166,1,kick,0
1167,1,kick,0
1168,3,pass,0
1169,3,pass,0
1170,3,pass,0
1171,3,pass,0
1172,3,pass,0
1173,2,tackle,49
1174,2,tackle,60
1175,1,kick,0
1176,2,tackle,83
1177,2,tackle,53
1178,1,kick,0
1179,2,tackle,87
1180,3,pass,0
1181,3,pass,0
1182,3,pass,0
1183,1,kick,0
1184,1,kick,0
1185,3,pass,0
1186,3,pass,0
1187,3,pass,0
1188,1,kick,0
1189,2,tackle,60
1190,1,kick,0
1191,2,tackle,86
1192,3,pass,0
1193,1,kick,0
1194,3,pass,0
1195,3,pass,0
1196,1,kick,0
1197,3,pass,0
1198,3,pass,0
1199,1,kick,0
1200,1,kick,0
1201,1,kick,0
1202,2,tackle,60
1203,3,pass,0
1204,2,tackle,50
1205,2,tackle,73
1206,3,pass,0
1207,1,kick,0
1208,3,pass,0
1209,2,tackle,80
1210,2,tackle,67
1211,1,kick,0
1212,2,tackle,82
1213,2,tackle,77
1214,1,kick,0
1215,3,pass,0
1216,2,tackle,65
1217,2,tackle,55
1218,3,pass,0
1219,3,pass,0
1220,2,tackle,52
1221,2,tackle,57
1222,1,kick,0
1223,3,pass,0
1224,1,kick,0
1225,3,pass,0
1226,2,tackle,65
1227,1,kick,0
1228,3,pass,0
1229,1,kick,0
1230,2,tackle,104
1231,3,pass,0
1232,3,pass,0
1233,2,tackle,84
1234,2,tackle,54
1235,2,tackle,56
1236,1,kick,0
1237,1,kick,0
1238,3,pass,0
1239,1,kick,0
1240,1,kick,0
1241,2,tackle,58
1242,2,tackle,106
1243,1,kick,0
1244,2,tackle,82
1245,3,pass,0
1246,1,kick,0
1247,2,tackle,101
1248,1,kick,0
1249,3,pass,0
1250,3,pass,0
1251,1,kick,0
1252,3,pass,0
1253,2,tackle,97
1254,3,pass,0
1255,1,kick,0
1256,2,tackle,94
1257,2,tackle,93
1258,1,kick,0
1259,2,tackle,103
1260,3,pass,0
1261,2,tackle,102
1262,3,pass,0
1263,1,kick,0
1264,1,kick,0
1265,1,kick,0
1266,1,kick,0
1267,3,pass,0
1268,1,kick,0
1269,1,kick,0
1270,2,tackle,89
1271,2,tackle,55
1272,1,kick,0
1273,2,tackle,53
1274,3,pass,0
1275,1,kick,0
1276,1,kick,0
1277,1,kick,0
1278,3,pass,0
1279,1,kick,0
1280,3,pass,0
1281,3,pass,0
1282,3,pass,0
1283,1,kick,0
1284,3,pass,0
1285,1,kick,0
1286,2,tackle,95
1287,1,kick,0
1288,1,kick,0
1289,2,tackle,85
1290,2,tackle,49
1291,3,pass,0
1292,3,pass,0
1293,3,pass,0
1294,1,kick,0
1295,2,tackle,87
1296,3,pass,0
1297,2,tackle,96
1298,3,pass,0
1299,2,tackle,55
1300,1,kick,0
1301,1,kick,0
1302,3,pass,0
1303,2,tackle,53
1304,2,tackle,72
1305,3,pass,0
1306,1,kick,0
1307,3,pass,0
1308,2,tackle,105
1309,3,pass,0
1310,1,kick,0
1311,2,tackle,63
1312,3,pass,0
1313,3,pass,0
1314,1,kick,0
1315,2,tackle,68
1316,1,kick,0
1317,3,pass,0
1318,1,kick,0
1319,2,tackle,63
1320,2,tackle,48
1321,3,pass,0
1322,1,kick,0
1323,1,kick,0
1324,2,tackle,92
1325,2,tackle,56
1326,3,pass,0
1327,1,kick,0
1328,2,tackle,102
1329,2,tackle,48
1330,1,kick,0
1331,1,kick,0
1332,3,pass,0
1333,2,tackle,104
1334,2,tackle,81
1335,2,tackle,79
1336,2,tackle,63
1337,1,kick,0
1338,2,tackle,62
1339,3,pass,0
1340,2,tackle,79
1341,1,kick,0
1342,1,kick,0
1343,3,pass,0
1344,2,tackle,94
1345,3,pass,0
1346,3,pass,0
1347,1,kick,0
1348,1,kick,0
1349,2,tackle,92
1350,1,kick,0
1351,2,tackle,48
1352,1,kick,0
1353,3,pass,0
1354,1,kick,0
1355,1,kick,0
1356,1,kick,0
1357,1,kick,0
1358,2,tackle,73
1359,2,tackle,90
1360,1,kick,0
1361,2,tackle,67
1362,2,tackle,81
1363,1,kick,0
1364,3,pass,0
1365,1,kick,0
1366,1,kick,0
1367,3,pass,0
1368,1,kick,0
1369,3,pass,0
1370,3,pass,0
1371,2,tackle,90
1372,3,pass,0
1373,3,pass,0
1374,2,tackle,100
1375,1,kick,0
1376,1,kick,0
1377,1,kick,0
1378,1,kick,0
1379,3,pass,0
1380,1,kick,0
1381,1,kick,0
1382,2,tackle,51
1383,1,kick,0
1384,1,kick,0
1385,1,kick,0
1386,1,kick,0
1387,3,pass,0
1388,3,pass,0
1389,3,pass,0
1390,3,pass,0
1391,2,tackle,63
1392,1,kick,0
1393,1,kick,0
1394,2,tackle,106
1395,3,pass,0
1396,3,pass,0
1397,3,pass,0
1398,1,kick,0
1399,2,tackle,63
1400,3,pass,0
1401,3,pass,0
1402,1,kick,0
1403,3,pass,0
1404,2,tackle,85
1405,1,kick,0
1406,1,kick,0
1407,1,kick,0
1408,2,tackle,96
1409,3,pass,0
1410,1,kick,0
1411,1,kick,0
1412,1,kick,0
1413,2,tackle,71
1414,3,pass,0
1415,3,pass,0
1416,1,kick,0
1417,3,pass,0
1418,1,kick,0
1419,2,tackle,70
1420,2,tackle,49
1421,1,kick,0
1422,1,kick,0
1423,3,pass,0
1424,2,tackle,56
1425,3,pass,0
1426,2,tackle,95
1427,2,tackle,51
1428,2,tackle,65
1429,2,tackle,93
1430,3,pass,0
1431,2,tackle,95
1432,3,pass,0
1433,2,tackle,69
1434,2,tackle,48
1435,3,pass,0
1436,2,tackle,93
1437,2,tackle,87
1438,3,pass,0
1439,3,pass,0
1440,1,kick,0
1441,2,tackle,51
1442,2,tackle,56
1443,3,pass,0
1444,1,kick,0
1445,3,pass,0
1446,2,tackle,88
1447,1,kick,0
1448,1,kick,0
1449,2,tackle,82
1450,3,pass,0
1451,3,pass,0
1452,2,tackle,90
1453,2,tackle,57
1454,3,pass,0
1455,3,pass,0
1456,3,pass,0
1457,1,kick,0
1458,1,kick,0
1459,2,tackle,78
1460,3,pass,0
1461,1,kick,0
1462,1,kick,0
1463,3,pass,0
1464,2,tackle,86
1465,3,pass,0
1466,1,kick,0
1467,3,pass,0
1468,1,kick,0
1469,1,kick,0
1470,1,kick,0
1471,2,tackle,60
1472,2,tackle,70
1473,1,kick,0
1474,3,pass,0
1475,1,kick,0
1476,3,pass,0
1477,3,pass,0
1478,1,kick,0
1479,2,tackle,103
1480,2,tackle,89
1481,3,pass,0
1482,2,tackle,55
1483,3,pass,0
1484,3,pass,0
1485,2,tackle,103
1486,1,kick,0
1487,1,kick,0
1488,2,tackle,66
1489,3,pass,0
1490,2,tackle,56
1491,1,kick,0
1492,1,kick,0
1493,2,tackle,59
1494,3,pass,0
1495,3,pass,0
1496,1,kick,0
1497,3,pass,0
1498,2,tackle,51
1499,1,kick,0
1500,1,kick,0
1501,1,kick,0
1502,1,kick,0
1503,1,kick,0
1504,1,kick,0
1505,2,tackle,49
1506,2,tackle,59
1507,2,tackle,82
1508,1,kick,0
1509,1,kick,0
1510,3,pass,0
1511,3,pass,0
1512,2,tackle,59
1513,1,kick,0
1514,3,pass,0
1515,2,tackle,83
1516,2,tackle,71
1517,2,tackle,60
1518,2,tackle,58
1519,3,pass,0
1520,3,pass,0
1521,1,kick,0
1522,2,tackle,64
1523,2,tackle,87
1524,2,tackle,94
1525,1,kick,0
1526,2,tackle,99
1527,1,kick,0
1528,3,pass,0
1529,2,tackle,102
1530,3,pass,0
1531,3,pass,0
1532,3,pass,0
1533,3,pass,0
1534,3,pass,0
1535,2,tackle,83
1536,3,pass,0
1537,1,kick,0
1538,3,pass,0
1539,3,pass,0
1540,3,pass,0
1541,2,tackle,59
1542,1,kick,0
1543,1,kick,0
1544,1,kick,0
1545,3,pass,0
1546,3,pass,0
1547,1,kick,0
1548,3,pass,0
1549,3,pass,0
1550,1,kick,0
1551,3,pass,0
1552,1,kick,0
1553,1,kick,0
1554,3,pass,0
1555,1,kick,0
1556,3,pass,0
1557,2,tackle,60
1558,1,kick,0
1559,3,pass,0
1560,3,pass,0
1561,2,tackle,59
1562,3,pass,0
1563,2,tackle,55
1564,2,tackle,52
1565,1,kick,0
1566,3,pass,0
1567,1,kick,0
1568,2,tackle,60
1569,2,tackle,59
1570,3,pass,0
1571,3,pass,0
1572,1,kick,0
1573,2,tackle,55
1574,2,tackle,98
1575,1,kick,0
1576,1,kick,0
1577,2,tackle,88
1578,2,tackle,56
1579,2,tackle,93
1580,3,pass,0
1581,3,pass,0
1582,1,kick,0
1583,2,tackle,90
1584,1,kick,0
1585,2,tackle,83
1586,3,pass,0
1587,3,pass,0
1588,1,kick,0
1589,2,tackle,66
1590,3,pass,0
1591,2,tackle,96
1592,2,tackle,87
1593,1,kick,0
1594,1,kick,0
1595,3,pass,0
1596,2,tackle,52
1597,2,tackle,65
1598,2,tackle,55
1599,1,kick,0
1600,2,tackle,104
1601,1,kick,0
1602,2,tackle,82
1603,3,pass,0
1604,1,kick,0
1605,3,pass,0
1606,2,tackle,70
1607,3,pass,0
1608,2,tackle,63
1609,1,kick,0
1610,3,pass,0
1611,2,tackle,67
1612,3,pass,0
1613,3,pass,0
1614,2,tackle,83
1615,3,pass,0
1616,3,pass,0
1617,2,tackle,74
1618,2,tackle,97
1619,1,kick,0
1620,2,tackle,60
1621,3,pass,0
1622,3,pass,0
1623,1,kick,0
1624,3,pass,0
1625,1,kick,0
1626,3,pass,0
1627,2,tackle,101
1628,1,kick,0
1629,2,tackle,92
1630,2,tackle,96
1631,2,tackle,97
1632,3,pass,0
1633,1,kick,0
1634,3,pass,0
1635,3,pass,0
1636,2,tackle,59
1637,2,tackle,48
1638,3,pass,0
1639,2,tackle,91
1640,3,pass,0
1641,2,tackle,106
1642,3,pass,0
1643,3,pass,0
1644,1,kick,0
1645,3,pass,0
1646,3,pass,0
1647,1,kick,0
1648,3,pass,0
1649,1,kick,0
1650,2,tackle,52
1651,1,kick,0
1652,3,pass,0
1653,1,kick,0
1654,2,tackle,52
1655,2,tackle,95
1656,2,tackle,100
1657,3,pass,0
1658,1,kick,0
1659,3,pass,0
1660,2,tackle,49
1661,1,kick,0
1662,1,kick,0
1663,1,kick,0
1664,3,pass,0
1665,3,pass,0
1666,2,tackle,93
1667,2,tackle,48
1668,1,kick,0
1669,1,kick,0
1670,3,pass,0
1671,1,kick,0
1672,2,tackle,84
1673,2,tackle,85
1674,3,pass,0
1675,1,kick,0
1676,2,tackle,93
1677,1,kick,0
1678,1,kick,0
1679,3,pass,0
1680,2,tackle,85
1681,3,pass,0
1682,1,kick,0
1683,1,kick,0
1684,1,kick,0
1685,1,kick,0
1686,3,pass,0
1687,1,kick,0
1688,3,pass,0
1689,2,tackle,85
1690,3,pass,0
1691,2,tackle,61
1692,3,pass,0
1693,1,kick,0
1694,3,pass,0
1695,1,kick,0
1696,2,tackle,87
1697,1,kick,0
1698,2,tackle,101
1699,3,pass,0
1700,1,kick,0
1701,1,kick,0
1702,2,tackle,61
1703,3,pass,0
1704,2,tackle,65
1705,3,pass,0
1706,3,pass,0
1707,2,tackle,87
1708,2,tackle,84
1709,3,pass,0
1710,2,tackle,72
1711,1,kick,0
1712,3,pass,0
1713,3,pass,0
1714,1,kick,0
1715,3,pass,0
1716,3,pass,0
1717,1,kick,0
1718,3,pass,0
1719,2,tackle,88
1720,1,kick,0
1721,2,tackle,49
1722,2,tackle,65
1723,3,pass,0
1724,3,pass,0
1725,2,tackle,50
1726,2,tackle,74
1727,2,tackle,99
1728,2,tackle,88
1729,1,kick,0
1730,2,tackle,105
1731,3,pass,0
1732,2,tackle,96
1733,3,pass,0
1734,1,kick,0
1735,1,kick,0
1736,3,pass,0
1737,3,pass,0
1738,2,tackle,48
1739,3,pass,0
1740,1,kick,0
1741,1,kick,0
1742,2,tackle,74
1743,2,tackle,95
1744,1,kick,0
1745,3,pass,0
1746,3,pass,0
1747,3,pass,0
1748,3,pass,0
1749,2,tackle,104
1750,2,tackle,97
1751,3,pass,0
1752,3,pass,0
1753,2,tackle,64
1754,2,tackle,106
1755,1,kick,0
1756,2,tackle,89
1757,3,pass,0
1758,2,tackle,58
1759,2,tackle,49
1760,3,pass,0
1761,1,kick,0
1762,2,tackle,89
1763,3,pass,0
1764,2,tackle,102
1765,2,tackle,75
1766,1,kick,0
1767,1,kick,0
1768,2,tackle,102
1769,1,kick,0
1770,2,tackle,87
1771,3,pass,0
1772,2,tackle,80
1773,2,tackle,49
1774,1,kick,0
1775,2,tackle,71
1776,1,kick,0
1777,2,tackle,93
1778,2,tackle,92
1779,1,kick,0
1780,3,pass,0
1781,2,tackle,93
1782,1,kick,0
1783,1,kick,0
1784,2,tackle,50
1785,3,pass,0
1786,2,tackle,97
1787,2,tackle,48
1788,3,pass,0
1789,3,pass,0
1790,3,pass,0
1791,2,tackle,69
1792,3,pass,0
1793,1,kick,0
1794,2,tackle,96
1795,2,tackle,54
1796,2,tackle,96
1797,3,pass,0
1798,2,tackle,53
1799,3,pass,0
1800,3,pass,0
1801,2,tackle,59
1802,2,tackle,103
1803,1,kick,0
1804,3,pass,0
1805,1,kick,0
1806,3,pass,0
1807,2,tackle,51
1808,2,tackle,95
1809,2,tackle,93
1810,1,kick,0
1811,1,kick,0
1812,2,tackle,99
1813,1,kick,0
1814,3,pass,0
1815,1,kick,0
1816,2,tackle,66
1817,2,tackle,85
1818,3,pass,0
1819,1,kick,0
1820,1,kick,0
1821,1,kick,0
1822,3,pass,0
1823,3,pass,0
1824,2,tackle,91
1825,3,pass,0
1826,3,pass,0
1827,3,pass,0
1828,3,pass,0
1829,3,pass,0
1830,3,pass,0
1831,3,pass,0
1832,2,tackle,98
1833,3,pass,0
1834,2,tackle,100
1835,1,kick,0
1836,1,kick,0
1837,2,tackle,87
1838,2,tackle,104
1839,3,pass,0
1840,2,tackle,95
1841,1,kick,0
1842,1,kick,0
1843,1,kick,0
1844,3,pass,0
1845,2,tackle,100
1846,1,kick,0
1847,3,pass,0
1848,2,tackle,68
1849,2,tackle,74
1850,3,pass,0
1851,2,tackle,67
1852,1,kick,0
1853,3,pass,0
1854,1,kick,0
1855,1,kick,0
1856,3,pass,0
1857,3,pass,0
1858,3,pass,0
1859,2,tackle,89
1860,1,kick,0
1861,2,tackle,104
1862,2,tackle,58
1863,1,kick,0
1864,2,tackle,73
1865,2,tackle,90
1866,2,tackle,69
1867,3,pass,0
1868,2,tackle,89
1869,2,tackle,59
1870,1,kick,0
1871,3,pass,0
1872,3,pass,0
1873,1,kick,0
1874,2,tackle,101
1875,1,kick,0
1876,3,pass,0
1877,3,pass,0
1878,1,kick,0
1879,2,tackle,106
1880,2,tackle,48
1881,3,pass,0
1882,1,kick,0
1883,1,kick,0
1884,3,pass,0
1885,1,kick,0
1886,2,tackle,102
1887,2,tackle,78
1888,1,kick,0
1889,1,kick,0
1890,3,pass,0
1891,1,kick,0
1892,1,kick,0
1893,2,tackle,98
1894,1,kick,0
1895,1,kick,0
1896,3,pass,0
1897,2,tackle,99
1898,3,pass,0
1899,3,pass,0
1900,1,kick,0
1901,1,kick,0
1902,2,tackle,66
1903,2,tackle,57
1904,3,pass,0
1905,3,pass,0
1906,2,tackle,94
1907,3,pass,0
1908,3,pass,0
1909,2,tackle,58
1910,2,tackle,89
1911,1,kick,0
1912,1,kick,0
1913,2,tackle,103
1914,2,tackle,65
1915,3,pass,0
1916,2,tackle,104
1917,3,pass,0
1918,3,pass,0
1919,2,tackle,99
1920,1,kick,0
1921,2,tackle,98
1922,3,pass,0
1923,2,tackle,102
1924,2,tackle,90
1925,2,tackle,69
1926,1,kick,0
1927,1,kick,0
1928,2,tackle,52
1929,3,pass,0
1930,3,pass,0
1931,2,tackle,95
1932,3,pass,0
1933,1,kick,0
1934,2,tackle,65
1935,2,tackle,72
1936,3,pass,0
1937,3,pass,0
1938,3,pass,0
1939,2,tackle,49
1940,1,kick,0
1941,1,kick,0
1942,1,kick,0
1943,1,kick,0
1944,3,pass,0
1945,3,pass,0
1946,3,pass,0
1947,2,tackle,66
1948,2,tackle,52
1949,3,pass,0
1950,2,tackle,79
1951,2,tackle,86
1952,1,kick,0
1953,1,kick,0
1954,3,pass,0
1955,2,tackle,59
1956,2,tackle,53
1957,2,tackle,63
1958,2,tackle,64
1959,2,tackle,74
1960,3,pass,0
1961,3,pass,0
1962,1,kick,0
1963,3,pass,0
1964,3,pass,0
1965,3,pass,0
1966,1,kick,0
1967,3,pass,0
1968,3,pass,0
1969,1,kick,0
1970,2,tackle,97
1971,3,pass,0
1972,2,tackle,88
1973,2,tackle,74
1974,2,tackle,104
1975,2,tackle,63
1976,3,pass,0
1977,3,pass,0
1978,2,tackle,73
1979,2,tackle,61
1980,3,pass,0
1981,1,kick,0
1982,3,pass,0
1983,3,pass,0
1984,2,tackle,82
1985,1,kick,0
1986,2,tackle,94
1987,3,pass,0
1988,2,tackle,57
1989,3,pass,0
1990,1,kick,0
1991,1,kick,0
1992,3,pass,0
1993,1,kick,0
1994,1,kick,0
1995,3,pass,0
1996,1,kick,0
1997,3,pass,0
1998,2,tackle,77
1999,2,tackle,103
2000,3,pass,0
2001,1,kick,0
2002,1,kick,0
2003,3,pass,0
2004,2,tackle,63
2005,3,pass,0
2006,3,pass,0
2007,1,kick,0
2008,2,tackle,70
2009,3,pass,0
2010,2,tackle,62
2011,1,kick,0
2012,1,kick,0
2013,1,kick,0
2014,3,pass,0
2015,2,tackle,77
2016,1,kick,0
2017,1,kick,0
2018,2,tackle,59
2019,2,tackle,90
2020,3,pass,0
2021,2,tackle,104
2022,3,pass,0
2023,2,tackle,74
2024,1,kick,0
2025,1,kick,0
2026,1,kick,0
2027,1,kick,0
2028,1,kick,0
2029,2,tackle,73
2030,2,tackle,87
2031,1,kick,0
2032,3,pass,0
2033,2,tackle,104
2034,1,kick,0
2035,1,kick,0
2036,1,kick,0
2037,1,kick,0
2038,2,tackle,72
2039,1,kick,0
2040,1,kick,0
2041,2,tackle,85
2042,3,pass,0
2043,1,kick,0
2044,2,tackle,56
2045,3,pass,0
2046,3,pass,0
2047,2,tackle,65
2048,3,pass,0
2049,1,kick,0
2050,1,kick,0
2051,1,kick,0
2052,2,tackle,57
2053,3,pass,0
2054,3,pass,0
2055,1,kick,0
2056,1,kick,0
2057,3,pass,0
2058,2,tackle,81
2059,2,tackle,92
2060,2,tackle,95
2061,3,pass,0
2062,3,pass,0
2063,2,tackle,82
2064,1,kick,0
2065,1,kick,0
2066,3,pass,0
2067,3,pass,0
2068,2,tackle,60
2069,3,pass,0
2070,3,pass,0
2071,1,kick,0
2072,2,tackle,51
2073,2,tackle,93
2074,1,kick,0
2075,3,pass,0
2076,1,kick,0
2077,1,kick,0
2078,1,kick,0
2079,2,tackle,70
2080,2,tackle,53
2081,3,pass,0
2082,1,kick,0
2083,3,pass,0
2084,3,pass,0
2085,2,tackle,67
2086,1,kick,0
2087,1,kick,0
2088,2,tackle,87
2089,1,kick,0
2090,1,kick,0
2091,1,kick,0
2092,2,tackle,92
2093,3,pass,0
2094,2,tackle,71
2095,3,pass,0
2096,3,pass,0
2097,3,pass,0
2098,3,pass,0
2099,2,tackle,54
2100,2,tackle,50
2101,1,kick,0
2102,2,tackle,91
2103,3,pass,0
2104,2,tackle,96
2105,3,pass,0
2106,3,pass,0
2107,1,kick,0
2108,3,pass,0
2109,2,tackle,89
2110,1,kick,0
2111,2,tackle,70
2112,1,kick,0
2113,3,pass,0
2114,2,tackle,85
2115,1,kick,0
2116,2,tackle,80
2117,1,kick,0
2118,1,kick,0
2119,2,tackle,86
2120,2,tackle,71
2121,2,tackle,69
2122,2,tackle,83
2123,1,kick,0
2124,1,kick,0
2125,1,kick,0
2126,3,pass,0
2127,2,tackle,90
2128,2,tackle,60
2129,2,tackle,83
2130,1,kick,0
2131,2,tackle,64
2132,2,tackle,100
2133,1,kick,0
2134,3,pass,0
2135,1,kick,0
2136,1,kick,0
2137,2,tackle,104
2138,3,pass,0
2139,1,kick,0
2140,1,kick,0
2141,1,kick,0
2142,3,pass,0
2143,2,tackle,51
2144,3,pass,0
2145,3,pass,0
2146,3,pass,0
2147,2,tackle,54
2148,2,tackle,59
2149,2,tackle,48
2150,1,kick,0
2151,2,tackle,87
2152,2,tackle,54
2153,1,kick,0
2154,3,pass,0
2155,1,kick,0
2156,3,pass,0
2157,2,tackle,91
2158,1,kick,0
2159,3,pass,0
2160,2,tackle,62
2161,2,tackle,79
2162,1,kick,0
2163,3,pass,0
2164,1,kick,0
2165,1,kick,0
2166,3,pass,0
2167,1,kick,0
2168,3,pass,0
2169,2,tackle,104
2170,1,kick,0
2171,2,tackle,54
2172,2,tackle,75
2173,3,pass,0
2174,3,pass,0
2175,1,kick,0
2176,1,kick,0
2177,3,pass,0
2178,1,kick,0
2179,1,kick,0
2180,3,pass,0
2181,3,pass,0
2182,2,tackle,80
2183,2,tackle,60
2184,2,tackle,73
2185,2,tackle,64
2186,2,tackle,93
2187,1,kick,0
2188,3,pass,0
2189,2,tackle,94
2190,2,tackle,59
2191,1,kick,0
2192,1,kick,0
2193,1,kick,0
2194,2,tackle,74
2195,2,tackle,72
2196,3,pass,0
2197,2,tackle,55
2198,3,pass,0
2199,1,kick,0
2200,1,kick,0
2201,3,pass,0
2202,2,tackle,103
2203,3,pass,0
2204,3,pass,0
2205,2,tackle,84
2206,2,tackle,85
2207,2,tackle,49
2208,2,tackle,96
2209,1,kick,0
2210,1,kick,0
2211,2,tackle,68
2212,1,kick,0
2213,3,pass,0
2214,3,pass,0
2215,1,kick,0
2216,2,tackle,77
2217,3,pass,0
2218,3,pass,0
2219,2,tackle,96
2220,2,tackle,48
2221,3,pass,0
2222,1,kick,0
2223,3,pass,0
2224,2,tackle,62
2225,1,kick,0
2226,3,pass,0
2227,2,tackle,53
2228,2,tackle,105
2229,1,kick,0
2230,1,kick,0
2231,3,pass,0
2232,3,pass,0
2233,3,pass,0
2234,1,kick,0
2235,2,tackle,80
2236,3,pass,0
2237,3,pass,0
2238,1,kick,0
2239,1,kick,0
2240,3,pass,0
2241,1,kick,0
2242,1,kick,0
2243,1,kick,0
2244,2,tackle,65
2245,2,tackle,50
2246,2,tackle,78
2247,1,kick,0
2248,2,tackle,51
2249,2,tackle,60
2250,3,pass,0
2251,1,kick,0
2252,2,tackle,92
2253,1,kick,0
2254,1,kick,0
2255,3,pass,0
2256,2,tackle,53
2257,1,kick,0
2258,3,pass,0
2259,1,kick,0
2260,3,pass,0
2261,1,kick,0
2262,3,pass,0
2263,1,kick,0
2264,1,kick,0
2265,2,tackle,84
2266,3,pass,0
2267,1,kick,0
2268,3,pass,0
2269,3,pass,0
2270,1,kick,0
2271,2,tackle,87
2272,1,kick,0
2273,2,tackle,66
2274,2,tackle,88
2275,2,tackle,77
2276,3,pass,0
2277,3,pass,0
2278,2,tackle,69
2279,1,kick,0
2280,3,pass,0
2281,1,kick,0
2282,1,kick,0
2283,2,tackle,98
2284,3,pass,0
2285,2,tackle,96
2286,3,pass,0
2287,2,tackle,82
2288,2,tackle,73
2289,3,pass,0
2290,2,tackle,103
2291,2,tackle,51
2292,2,tackle,73
2293,2,tackle,88
2294,2,tackle,60
2295,3,pass,0
2296,3,pass,0
2297,1,kick,0
2298,3,pass,0
2299,2,tackle,85
2300,3,pass,0
2301,1,kick,0
2302,1,kick,0
2303,1,kick,0
2304,1,kick,0
2305,1,kick,0
2306,3,pass,0
2307,3,pass,0
2308,2,tackle,105
2309,3,pass,0
2310,1,kick,0
2311,3,pass,0
2312,3,pass,0
2313,3,pass,0
2314,1,kick,0
2315,2,tackle,69
2316,2,tackle,104
2317,1,kick,0
2318,2,tackle,104
2319,1,kick,0
2320,2,tackle,105
2321,2,tackle,76
2322,2,tackle,105
2323,3,pass,0
2324,1,kick,0
2325,3,pass,0
2326,1,kick,0
2327,3,pass,0
2328,2,tackle,74
2329,3,pass,0
2330,1,kick,0
2331,3,pass,0
2332,2,tackle,93
2333,2,tackle,92
2334,2,tackle,88
2335,2,tackle,100
2336,1,kick,0
2337,2,tackle,67
2338,1,kick,0
2339,1,kick,0
2340,2,tackle,102
2341,1,kick,0
2342,1,kick,0
2343,1,kick,0
2344,3,pass,0
2345,2,tackle,73
2346,3,pass,0
2347,1,kick,0
2348,2,tackle,75
2349,2,tackle,89
2350,1,kick,0
2351,3,pass,0
2352,2,tackle,99
2353,2,tackle,74
2354,3,pass,0
2355,3,pass,0
2356,1,kick,0
2357,1,kick,0
2358,1,kick,0
2359,2,tackle,85
2360,2,tackle,102
2361,2,tackle,106
2362,3,pass,0
2363,1,kick,0
2364,2,tackle,106
2365,1,kick,0
2366,2,tackle,97
2367,2,tackle,55
2368,2,tackle,97
2369,2,tackle,88
2370,3,pass,0
2371,3,pass,0
2372,2,tackle,49
2373,3,pass,0
2374,3,pass,0
2375,3,pass,0
2376,2,tackle,67
2377,1,kick,0
2378,2,tackle,101
2379,2,tackle,75
2380,1,kick,0
2381,2,tackle,59
2382,1,kick,0
2383,2,tackle,72
2384,1,kick,0
2385,1,kick,0
2386,2,tackle,87
2387,3,pass,0
2388,2,tackle,83
2389,2,tackle,91
2390,2,tackle,96
2391,3,pass,0
2392,2,tackle,72
2393,1,kick,0
2394,3,pass,0
2395,1,kick,0
2396,1,kick,0
2397,1,kick,0
2398,2,tackle,99
2399,3,pass,0
2400,1,kick,0
2401,1,kick,0
2402,3,pass,0
2403,2,tackle,96
2404,2,tackle,75
2405,2,tackle,85
2406,3,pass,0
2407,3,pass,0
2408,3,pass,0
2409,2,tackle,53
2410,1,kick,0
2411,3,pass,0
2412,2,tackle,77
2413,2,tackle,63
2414,3,pass,0
2415,3,pass,0
2416,1,kick,0
2417,2,tackle,48
2418,1,kick,0
2419,1,kick,0
2420,2,tackle,86
2421,1,kick,0
2422,2,tackle,95
2423,1,kick,0
2424,3,pass,0
2425,1,kick,0
2426,1,kick,0
2427,2,tackle,71
2428,3,pass,0
2429,2,tackle,85
2430,1,kick,0
2431,1,kick,0
2432,1,kick,0
2433,3,pass,0
2434,2,tackle,73
2435,1,kick,0
2436,2,tackle,70
2437,1,kick,0
2438,3,pass,0
2439,2,tackle,84
2440,1,kick,0
2441,1,kick,0
2442,3,pass,0
2443,2,tackle,90
2444,3,pass,0
2445,3,pass,0
2446,3,pass,0
2447,2,tackle,105
2448,3,pass,0
2449,2,tackle,94
2450,3,pass,0
2451,2,tackle,102
2452,2,tackle,85
2453,3,pass,0
2454,1,kick,0
2455,1,kick,0
2456,1,kick,0
2457,1,kick,0
2458,3,pass,0
2459,2,tackle,77
2460,3,pass,0
2461,2,tackle,69
2462,2,tackle,80
2463,3,pass,0
2464,1,kick,0
2465,1,kick,0
2466,1,kick,0
2467,3,pass,0
2468,2,tackle,105
2469,1,kick,0
2470,2,tackle,65
2471,3,pass,0
2472,3,pass,0
2473,2,tackle,85
2474,1,kick,0
2475,2,tackle,96
2476,2,tackle,98
2477,2,tackle,103
2478,2,tackle,97
2479,1,kick,0
2480,3,pass,0
2481,2,tackle,73
2482,1,kick,0
2483,1,kick,0
2484,2,tackle,76
2485,3,pass,0
2486,2,tackle,76
2487,2,tackle,53
2488,1,kick,0
2489,2,tackle,102
2490,3,pass,0
2491,3,pass,0
2492,2,tackle,104
2493,2,tackle,48
2494,1,kick,0
2495,2,tackle,61
2496,2,tackle,79
2497,2,tackle,70
2498,2,tackle,91
2499,1,kick,0
2500,1,kick,0
2501,1,kick,0
2502,1,kick,0
2503,1,kick,0
2504,1,kick,0
2505,3,pass,0
2506,3,pass,0
2507,1,kick,0
2508,3,pass,0
2509,3,pass,0
2510,3,pass,0
2511,2,tackle,75
2512,2,tackle,80
2513,3,pass,0
2514,2,tackle,76
2515,2,tackle,82
2516,1,kick,0
2517,2,tackle,71
2518,3,pass,0
2519,3,pass,0
2520,1,kick,0
2521,2,tackle,67
2522,2,tackle,95
2523,3,pass,0
2524,2,tackle,81
2525,2,tackle,61
2526,2,tackle,63
2527,1,kick,0
2528,1,kick,0
2529,1,kick,0
2530,1,kick,0
2531,1,kick,0
2532,2,tackle,85
2533,3,pass,0
2534,2,tackle,93
2535,3,pass,0
2536,2,tackle,50
2537,1,kick,0
2538,3,pass,0
2539,3,pass,0
2540,3,pass,0
2541,1,kick,0
2542,1,kick,0
2543,3,pass,0
2544,1,kick,0
2545,3,pass,0
2546,2,tackle,54
2547,1,kick,0
2548,3,pass,0
2549,2,tackle,103
2550,2,tackle,50
2551,3,pass,0
2552,1,kick,0
2553,3,pass,0
2554,2,tackle,106
2555,2,tackle,101
2556,2,tackle,106
2557,3,pass,0
2558,3,pass,0
2559,2,tackle,97
2560,3,pass,0
2561,1,kick,0
2562,1,kick,0
2563,1,kick,0
2564,1,kick,0
2565,3,pass,0
2566,3,pass,0
2567,1,kick,0
2568,2,tackle,98
2569,1,kick,0
2570,1,kick,0
2571,2,tackle,90
2572,3,pass,0
2573,2,tackle,79
2574,3,pass,0
2575,2,tackle,56
2576,3,pass,0
2577,2,tackle,81
2578,3,pass,0
2579,1,kick,0
2580,3,pass,0
2581,2,tackle,69
2582,2,tackle,74
2583,2,tackle,85
2584,3,pass,0
2585,2,tackle,102
2586,2,tackle,71
2587,2,tackle,82
2588,2,tackle,74
2589,1,kick,0
2590,3,pass,0
2591,1,kick,0
2592,1,kick,0
2593,3,pass,0
2594,3,pass,0
2595,2,tackle,75
2596,1,kick,0
2597,2,tackle,52
2598,1,kick,0
2599,3,pass,0
2600,2,tackle,83
2601,1,kick,0
2602,1,kick,0
2603,1,kick,0
2604,3,pass,0
2605,1,kick,0
2606,2,tackle,76
2607,1,kick,0
2608,1,kick,0
2609,3,pass,0
2610,3,pass,0
2611,3,pass,0
2612,2,tackle,98
2613,1,kick,0
2614,1,kick,0
2615,1,kick,0
2616,3,pass,0
2617,3,pass,0
2618,2,tackle,60
2619,3,pass,0
2620,1,kick,0
2621,1,kick,0
2622,2,tackle,50
2623,3,pass,0
2624,3,pass,0
2625,1,kick,0
2626,2,tackle,70
2627,1,kick,0
2628,2,tackle,58
2629,2,tackle,105
2630,3,pass,0
2631,2,tackle,106
2632,1,kick,0
2633,3,pass,0
2634,1,kick,0
2635,2,tackle,75
2636,3,pass,0
2637,1,kick,0
2638,1,kick,0
2639,3,pass,0
2640,3,pass,0
2641,1,kick,0
2642,3,pass,0
2643,2,tackle,61
2644,2,tackle,102
2645,2,tackle,61
2646,3,pass,0
2647,1,kick,0
2648,2,tackle,97
2649,3,pass,0
2650,2,tackle,75
2651,2,tackle,79
2652,2,tackle,104
2653,1,kick,0
2654,3,pass,0
2655,3,pass,0
2656,2,tackle,65
2657,2,tackle,52
2658,2,tackle,77
2659,3,pass,0
2660,3,pass,0
2661,2,tackle,97
2662,1,kick,0
2663,1,kick,0
2664,3,pass,0
2665,3,pass,0
2666,1,kick,0
2667,2,tackle,48
2668,1,kick,0
2669,2,tackle,60
2670,3,pass,0
2671,1,kick,0
2672,2,tackle,73
2673,3,pass,0
2674,2,tackle,67
2675,3,pass,0
2676,3,pass,0
2677,3,pass,0
2678,3,pass,0
2679,3,pass,0
2680,2,tackle,75
2681,3,pass,0
2682,2,tackle,89
2683,1,kick,0
2684,1,kick,0
2685,3,pass,0
2686,2,tackle,105
2687,2,tackle,76
2688,1,kick,0
2689,1,kick,0
2690,2,tackle,79
2691,2,tackle,58
2692,1,kick,0
2693,1,kick,0
2694,2,tackle,64
2695,1,kick,0
2696,2,tackle,101
2697,1,kick,0
2698,1,kick,0
2699,2,tackle,55
2700,1,kick,0
2701,2,tackle,50
2702,1,kick,0
2703,2,tackle,86
2704,2,tackle,57
2705,2,tackle,49
2706,3,pass,0
2707,2,tackle,104
2708,3,pass,0
2709,2,tackle,55
2710,3,pass,0
2711,1,kick,0
2712,3,pass,0
2713,1,kick,0
2714,2,tackle,85
2715,1,kick,0
2716,2,tackle,92
2717,3,pass,0
2718,2,tackle,72
2719,1,kick,0
2720,3,pass,0
2721,3,pass,0
2722,1,kick,0
2723,2,tackle,102
2724,2,tackle,57
2725,1,kick,0
2726,2,tackle,75
2727,2,tackle,96
2728,2,tackle,65
2729,1,kick,0
2730,3,pass,0
2731,3,pass,0
2732,1,kick,0
2733,3,pass,0
2734,1,kick,0
2735,3,pass,0
2736,1,kick,0
2737,2,tackle,56
2738,2,tackle,66
2739,2,tackle,101
2740,1,kick,0
2741,1,kick,0
2742,2,tackle,70
2743,1,kick,0
2744,3,pass,0
2745,1,kick,0
2746,3,pass,0
2747,3,pass,0
2748,3,pass,0
2749,2,tackle,97
2750,1,kick,0
2751,2,tackle,71
2752,1,kick,0
2753,2,tackle,100
2754,3,pass,0
2755,3,pass,0
2756,2,tackle,85
2757,1,kick,0
2758,1,kick,0
2759,2,tackle,71
2760,2,tackle,106
2761,1,kick,0
2762,2,tackle,50
2763,3,pass,0
2764,3,pass,0
2765,3,pass,0
2766,1,kick,0
2767,3,pass,0
2768,3,pass,0
2769,1,kick,0
2770,3,pass,0
2771,2,tackle,49
2772,2,tackle,50
2773,2,tackle,69
2774,3,pass,0
2775,1,kick,0
2776,3,pass,0
2777,3,pass,0
2778,2,tackle,55
2779,3,pass,0
2780,1,kick,0
2781,3,pass,0
2782,3,pass,0
2783,2,tackle,58
2784,1,kick,0
2785,1,kick,0
2786,1,kick,0
2787,1,kick,0
2788,2,tackle,84
2789,2,tackle,57
2790,2,tackle,68
2791,2,tackle,98
2792,3,pass,0
2793,1,kick,0
2794,2,tackle,52
2795,2,tackle,84
2796,3,pass,0
2797,3,pass,0
2798,3,pass,0
2799,3,pass,0
2800,2,tackle,61
2801,1,kick,0
2802,3,pass,0
2803,1,kick,0
2804,3,pass,0
2805,2,tackle,85
2806,2,tackle,74
2807,2,tackle,73
2808,3,pass,0
2809,1,kick,0
2810,3,pass,0
2811,1,kick,0
2812,3,pass,0
2813,3,pass,0
2814,3,pass,0
2815,1,kick,0
2816,3,pass,0
2817,1,kick,0
2818,1,kick,0
2819,1,kick,0
2820,2,tackle,78
2821,1,kick,0
2822,1,kick,0
2823,3,pass,0
2824,2,tackle,67
2825,2,tackle,76
2826,2,tackle,85
2827,2,tackle,56
2828,2,tackle,51
2829,2,tackle,90
2830,2,tackle,96
2831,2,tackle,83
2832,3,pass,0
2833,2,tackle,54
2834,2,tackle,77
2835,2,tackle,68
2836,1,kick,0
2837,1,kick,0
2838,2,tackle,75
2839,2,tackle,82
2840,2,tackle,59
2841,1,kick,0
2842,1,kick,0
2843,1,kick,0
2844,1,kick,0
2845,2,tackle,73
2846,1,kick,0
2847,1,kick,0
2848,2,tackle,58
2849,1,kick,0
2850,1,kick,0
2851,1,kick,0
2852,3,pass,0
2853,1,kick,0
2854,1,kick,0
2855,1,kick,0
2856,3,pass,0
2857,2,tackle,67
2858,2,tackle,50
2859,1,kick,0
2860,3,pass,0
2861,2,tackle,63
2862,3,pass,0
2863,1,kick,0
2864,2,tackle,66
2865,1,kick,0
2866,3,pass,0
2867,3,pass,0
2868,2,tackle,92
2869,3,pass,0
2870,1,kick,0
2871,2,tackle,60
2872,1,kick,0
2873,1,kick,0
2874,2,tackle,105
2875,3,pass,0
2876,1,kick,0
2877,2,tackle,93
2878,3,pass,0
2879,3,pass,0
2880,2,tackle,48
2881,3,pass,0
2882,1,kick,0
2883,2,tackle,82
2884,1,kick,0
2885,1,kick,0
2886,3,pass,0
2887,1,kick,0
2888,2,tackle,77
2889,2,tackle,91
2890,1,kick,0
2891,3,pass,0
2892,1,kick,0
2893,3,pass,0
2894,1,kick,0
2895,1,kick,0
2896,3,pass,0
2897,2,tackle,56
2898,3,pass,0
2899,3,pass,0
2900,1,kick,0
2901,1,kick,0
2902,3,pass,0
2903,1,kick,0
2904,1,kick,0
2905,3,pass,0
2906,1,kick,0
2907,1,kick,0
2908,2,tackle,88
2909,2,tackle,90
2910,1,kick,0
2911,3,pass,0
2912,3,pass,0
2913,2,tackle,79
2914,1,kick,0
2915,3,pass,0
2916,1,kick,0
2917,1,kick,0
2918,3,pass,0
2919,3,pass,0
2920,3,pass,0
2921,3,pass,0
2922,1,kick,0
2923,3,pass,0
2924,1,kick,0
2925,1,kick,0
2926,2,tackle,96
2927,1,kick,0
2928,3,pass,0
2929,2,tackle,88
2930,2,tackle,60
2931,3,pass,0
2932,1,kick,0
2933,3,pass,0
2934,1,kick,0
2935,3,pass,0
2936,3,pass,0
2937,2,tackle,53
2938,3,pass,0
2939,2,tackle,56
2940,2,tackle,67
2941,2,tackle,105
2942,1,kick,0
2943,3,pass,0
2944,3,pass,0
2945,1,kick,0
2946,2,tackle,62
2947,3,pass,0
2948,1,kick,0
2949,2,tackle,98
2950,1,kick,0
2951,3,pass,0
2952,3,pass,0
2953,3,pass,0
2954,2,tackle,80
2955,3,pass,0
2956,3,pass,0
2957,3,pass,0
2958,2,tackle,90
2959,1,kick,0
2960,1,kick,0
2961,3,pass,0
2962,1,kick,0
2963,2,tackle,88
2964,1,kick,0
2965,3,pass,0
2966,1,kick,0
2967,3,pass,0
2968,3,pass,0
2969,1,kick,0
2970,3,pass,0
2971,2,tackle,53
2972,1,kick,0
2973,1,kick,0
2974,1,kick,0
2975,2,tackle,63
2976,3,pass,0
2977,3,pass,0
2978,2,tackle,54
2979,3,pass,0
2980,1,kick,0
2981,2,tackle,75
2982,2,tackle,76
2983,1,kick,0
2984,2,tackle,80
2985,3,pass,0
2986,2,tackle,85
2987,1,kick,0
2988,1,kick,0
2989,2,tackle,89
2990,3,pass,0
2991,2,tackle,59
2992,1,kick,0
2993,2,tackle,57
2994,1,kick,0
2995,3,pass,0
2996,1,kick,0
2997,2,tackle,59
2998,3,pass,0
2999,2,tackle,93
3000,1,kick,0
3001,2,tackle,93
3002,3,pass,0
3003,3,pass,0
3004,3,pass,0
3005,3,pass,0
3006,3,pass,0
3007,3,pass,0
3008,1,kick,0
3009,1,kick,0
3010,3,pass,0
3011,3,pass,0
3012,2,tackle,55
3013,1,kick,0
3014,3,pass,0
3015,1,kick,0
3016,3,pass,0
3017,3,pass,0
3018,2,tackle,93
3019,2,tackle,60
3020,2,tackle,79
3021,2,tackle,89
3022,1,kick,0
3023,1,kick,0
3024,1,kick,0
3025,3,pass,0
3026,3,pass,0
3027,2,tackle,106
3028,2,tackle,105
3029,3,pass,0
3030,1,kick,0
3031,3,pass,0
3032,1,kick,0
3033,3,pass,0
3034,3,pass,0
3035,3,pass,0
3036,3,pass,0
3037,3,pass,0
3038,2,tackle,75
3039,1,kick,0
3040,3,pass,0
3041,1,kick,0
3042,1,kick,0
3043,3,pass,0
3044,2,tackle,78
3045,2,tackle,85
3046,1,kick,0
3047,1,kick,0
3048,3,pass,0
3049,2,tackle,55
3050,1,kick,0
3051,1,kick,0
3052,1,kick,0
3053,1,kick,0
3054,1,kick,0
3055,3,pass,0
3056,1,kick,0
3057,2,tackle,80
3058,1,kick,0
3059,2,tackle,75
3060,2,tackle,79
3061,2,tackle,80
3062,3,pass,0
3063,2,tackle,105
3064,3,pass,0
3065,2,tackle,48
3066,1,kick,0
3067,3,pass,0
3068,3,pass,0
3069,1,kick,0
3070,2,tackle,85
3071,3,pass,0
3072,3,pass,0
3073,3,pass,0
3074,3,pass,0
3075,2,tackle,72
3076,2,tackle,86
3077,2,tackle,91
3078,3,pass,0
3079,1,kick,0
3080,2,tackle,88
3081,3,pass,0
3082,1,kick,0
3083,3,pass,0
3084,3,pass,0
3085,2,tackle,81
3086,1,kick,0
3087,3,pass,0
3088,1,kick,0
3089,2,tackle,71
3090,3,pass,0
3091,1,kick,0
3092,3,pass,0
3093,1,kick,0
3094,2,tackle,82
3095,2,tackle,75
3096,3,pass,0
3097,2,tackle,98
3098,2,tackle,78
3099,2,tackle,50
3100,1,kick,0
3101,3,pass,0
3102,3,pass,0
3103,3,pass,0
3104,2,tackle,99
3105,1,kick,0
3106,2,tackle,106
3107,1,kick,0
3108,3,pass,0
3109,2,tackle,50
3110,1,kick,0
3111,1,kick,0
3112,2,tackle,78
3113,1,kick,0
3114,3,pass,0
3115,2,tackle,83
3116,3,pass,0
3117,2,tackle,98
3118,3,pass,0
3119,2,tackle,91
3120,3,pass,0
3121,1,kick,0
3122,3,pass,0
3123,1,kick,0
3124,3,pass,0
3125,2,tackle,100
3126,3,pass,0
3127,1,kick,0
3128,3,pass,0
3129,3,pass,0
3130,1,kick,0
3131,2,tackle,99
3132,3,pass,0
3133,3,pass,0
3134,2,tackle,93
3135,2,tackle,86
3136,2,tackle,90
3137,2,tackle,53
3138,3,pass,0
3139,3,pass,0
3140,2,tackle,94
3141,1,kick,0
3142,2,tackle,55
3143,2,tackle,68
3144,1,kick,0
3145,1,kick,0
3146,1,kick,0
3147,2,tackle,54
3148,3,pass,0
3149,2,tackle,87
3150,3,pass,0
3151,3,pass,0
3152,1,kick,0
3153,2,tackle,86
3154,2,tackle,72
3155,2,tackle,73
3156,1,kick,0
3157,2,tackle,87
3158,2,tackle,101
3159,2,tackle,93
3160,1,kick,0
3161,1,kick,0
3162,2,tackle,100
3163,3,pass,0
3164,3,pass,0
3165,1,kick,0
3166,1,kick,0
3167,3,pass,0
3168,2,tackle,82
3169,3,pass,0
3170,1,kick,0
3171,3,pass,0
3172,3,pass,0
3173,1,kick,0
3174,3,pass,0
3175,1,kick,0
3176,2,tackle,102
3177,3,pass,0
3178,3,pass,0
3179,3,pass,0
3180,2,tackle,84
3181,3,pass,0
3182,3,pass,0
3183,1,kick,0
3184,3,pass,0
3185,1,kick,0
3186,2,tackle,58
3187,2,tackle,70
3188,3,pass,0
3189,2,tackle,77
3190,1,kick,0
3191,1,kick,0
3192,2,tackle,68
3193,3,pass,0
3194,2,tackle,89
3195,2,tackle,59
3196,2,tackle,97
3197,1,kick,0
3198,2,tackle,73
3199,3,pass,0
3200,1,kick,0
3201,1,kick,0
3202,2,tackle,92
3203,2,tackle,94
3204,1,kick,0
3205,1,kick,0
3206,3,pass,0
3207,3,pass,0
3208,1,kick,0
3209,1,kick,0
3210,3,pass,0
3211,3,pass,0
3212,1,kick,0
3213,1,kick,0
3214,1,kick,0
3215,2,tackle,78
3216,2,tackle,73
3217,2,tackle,85
3218,2,tackle,81
3219,1,kick,0
3220,2,tackle,50
3221,2,tackle,48
3222,1,kick,0
3223,3,pass,0
3224,1,kick,0
3225,1,kick,0
3226,3,pass,0
3227,3,pass,0
3228,1,kick,0
3229,1,kick,0
3230,3,pass,0
3231,3,pass,0
3232,1,kick,0
3233,1,kick,0
3234,1,kick,0
3235,2,tackle,88
3236,1,kick,0
3237,1,kick,0
3238,1,kick,0
3239,1,kick,0
3240,2,tackle,83
3241,2,tackle,80
3242,1,kick,0
3243,3,pass,0
3244,3,pass,0
3245,1,kick,0
3246,1,kick,0
3247,1,kick,0
3248,3,pass,0
3249,1,kick,0
3250,2,tackle,68
3251,2,tackle,81
3252,1,kick,0
3253,2,tackle,96
3254,2,tackle,61
3255,2,tackle,71
3256,3,pass,0
3257,3,pass,0
3258,3,pass,0
3259,3,pass,0
3260,3,pass,0
3261,1,kick,0
3262,3,pass,0
3263,2,tackle,103
3264,3,pass,0
3265,1,kick,0
3266,1,kick,0
3267,3,pass,0
3268,1,kick,0
3269,1,kick,0
3270,3,pass,0
3271,2,tackle,53
3272,2,tackle,83
3273,1,kick,0
3274,1,kick,0
3275,3,pass,0
3276,3,pass,0
3277,2,tackle,64
3278,1,kick,0
3279,1,kick,0
3280,2,tackle,62
3281,2,tackle,105
3282,1,kick,0
3283,3,pass,0
3284,2,tackle,57
3285,1,kick,0
3286,2,tackle,106
3287,3,pass,0
3288,2,tackle,64
3289,2,tackle,85
3290,1,kick,0
3291,3,pass,0
3292,3,pass,0
3293,1,kick,0
3294,2,tackle,106
3295,3,pass,0
3296,1,kick,0
3297,2,tackle,61
3298,2,tackle,67
3299,3,pass,0
3300,3,pass,0
3301,3,pass,0
3302,3,pass,0
3303,2,tackle,70
3304,2,tackle,85
3305,3,pass,0
3306,1,kick,0
3307,1,kick,0
3308,3,pass,0
3309,3,pass,0
3310,2,tackle,54
3311,3,pass,0
3312,3,pass,0
3313,3,pass,0
3314,2,tackle,55
3315,3,pass,0
3316,1,kick,0
3317,3,pass,0
3318,1,kick,0
3319,2,tackle,70
3320,3,pass,0
3321,2,tackle,93
3322,1,kick,0
3323,2,tackle,80
3324,3,pass,0
3325,2,tackle,74
3326,2,tackle,83
3327,3,pass,0
3328,1,kick,0
3329,2,tackle,82
3330,1,kick,0
3331,3,pass,0
3332,3,pass,0
3333,2,tackle,82
3334,2,tackle,85
3335,2,tackle,81
3336,1,kick,0
3337,2,tackle,98
3338,3,pass,0
3339,3,pass,0
3340,2,tackle,85
3341,3,pass,0
3342,2,tackle,65
3343,3,pass,0
3344,2,tackle,67
3345,2,tackle,64
3346,3,pass,0
3347,3,pass,0
3348,3,pass,0
3349,3,pass,0
3350,1,kick,0
3351,2,tackle,100
3352,2,tackle,63
3353,3,pass,0
3354,3,pass,0
3355,3,pass,0
3356,1,kick,0
3357,1,kick,0
3358,1,kick,0
3359,2,tackle,81
3360,1,kick,0
3361,1,kick,0
3362,1,kick,0
3363,1,kick,0
3364,3,pass,0
3365,3,pass,0
3366,1,kick,0
3367,3,pass,0
3368,3,pass,0
3369,1,kick,0
3370,1,kick,0
3371,1,kick,0
3372,1,kick,0
3373,3,pass,0
3374,1,kick,0
3375,3,pass,0
3376,3,pass,0
3377,2,tackle,63
3378,1,kick,0
3379,1,kick,0
3380,1,kick,0
3381,2,tackle,94
3382,3,pass,0
3383,2,tackle,49
3384,1,kick,0
3385,2,tackle,97
3386,2,tackle,61
3387,3,pass,0
3388,2,tackle,53
3389,2,tackle,94
3390,1,kick,0
3391,2,tackle,54
3392,1,kick,0
3393,2,tackle,48
3394,2,tackle,78
3395,3,pass,0
3396,3,pass,0
3397,3,pass,0
3398,2,tackle,71
3399,2,tackle,86
3400,1,kick,0
3401,3,pass,0
3402,1,kick,0
3403,1,kick,0
3404,3,pass,0
3405,3,pass,0
3406,1,kick,0
3407,2,tackle,71
3408,3,pass,0
3409,2,tackle,93
3410,3,pass,0
3411,3,pass,0
3412,3,pass,0
3413,1,kick,0
3414,2,tackle,105
3415,3,pass,0
3416,3,pass,0
3417,3,pass,0
3418,1,kick,0
3419,1,kick,0
3420,1,kick,0
3421,3,pass,0
3422,2,tackle,92
3423,1,kick,0
3424,2,tackle,87
3425,3,pass,0
3426,1,kick,0
3427,3,pass,0
3428,3,pass,0
3429,3,pass,0
3430,2,tackle,98
3431,2,tackle,104
3432,3,pass,0
3433,3,pass,0
3434,3,pass,0
3435,3,pass,0
3436,2,tackle,95
3437,1,kick,0
3438,1,kick,0
3439,1,kick,0
3440,1,kick,0
3441,2,tackle,59
3442,1,kick,0
3443,1,kick,0
3444,3,pass,0
3445,1,kick,0
3446,3,pass,0
3447,3,pass,0
3448,2,tackle,88
3449,2,tackle,94
3450,2,tackle,88
3451,3,pass,0
3452,1,kick,0
3453,3,pass,0
3454,3,pass,0
3455,2,tackle,74
3456,2,tackle,81
3457,1,kick,0
3458,3,pass,0
3459,2,tackle,51
3460,1,kick,0
3461,3,pass,0
3462,1,kick,0
3463,3,pass,0
3464,2,tackle,61
3465,1,kick,0
3466,2,tackle,70
3467,1,kick,0
3468,2,tackle,67
3469,1,kick,0
3470,1,kick,0
3471,3,pass,0
3472,1,kick,0
3473,3,pass,0
3474,1,kick,0
3475,3,pass,0
3476,2,tackle,56
3477,1,kick,0
3478,1,kick,0
3479,3,pass,0
3480,1,kick,0
3481,2,tackle,84
3482,2,tackle,61
3483,2,tackle,64
3484,1,kick,0
3485,2,tackle,73
3486,1,kick,0
3487,1,kick,0
3488,2,tackle,88
3489,3,pass,0
3490,2,tackle,87
3491,1,kick,0
3492,3,pass,0
3493,2,tackle,75
3494,1,kick,0
3495,2,tackle,72
3496,1,kick,0
3497,1,kick,0
3498,3,pass,0
3499,2,tackle,51
3500,3,pass,0
3501,2,tackle,89
3502,1,kick,0
3503,3,pass,0
3504,2,tackle,81
3505,3,pass,0
3506,2,tackle,63
3507,3,pass,0
3508,1,kick,0
3509,2,tackle,85
3510,1,kick,0
3511,2,tackle,86
3512,3,pass,0
3513,2,tackle,105
3514,1,kick,0
3515,3,pass,0
3516,2,tackle,60
3517,2,tackle,84
3518,3,pass,0
3519,1,kick,0
3520,1,kick,0
3521,3,pass,0
3522,2,tackle,72
3523,3,pass,0
3524,3,pass,0
3525,2,tackle,79
3526,1,kick,0
3527,3,pass,0
3528,2,tackle,59
3529,3,pass,0
3530,1,kick,0
3531,3,pass,0
3532,2,tackle,69
3533,1,kick,0
3534,1,kick,0
3535,3,pass,0
3536,1,kick,0
3537,1,kick,0
3538,1,kick,0
3539,3,pass,0
3540,1,kick,0
3541,1,kick,0
3542,3,pass,0
3543,3,pass,0
3544,1,kick,0
3545,3,pass,0
3546,1,kick,0
3547,2,tackle,95
3548,2,tackle,55
3549,1,kick,0
3550,2,tackle,69
3551,1,kick,0
3552,2,tackle,96
3553,1,kick,0
3554,1,kick,0
3555,3,pass,0
3556,2,tackle,102
3557,3,pass,0
3558,2,tackle,50
3559,2,tackle,80
3560,1,kick,0
3561,3,pass,0
3562,3,pass,0
3563,2,tackle,106
3564,3,pass,0
3565,3,pass,0
3566,3,pass,0
3567,1,kick,0
3568,3,pass,0
3569,1,kick,0
3570,1,kick,0
3571,3,pass,0
3572,1,kick,0
3573,2,tackle,88
3574,1,kick,0
3575,2,tackle,96
3576,2,tackle,56
3577,2,tackle,50
3578,2,tackle,55
3579,2,tackle,95
3580,1,kick,0
3581,3,pass,0
3582,2,tackle,106
3583,1,kick,0
3584,3,pass,0
3585,1,kick,0
3586,1,kick,0
3587,2,tackle,95
3588,2,tackle,88
3589,1,kick,0
3590,1,kick,0
3591,1,kick,0
3592,1,kick,0
3593,3,pass,0
3594,1,kick,0
3595,3,pass,0
3596,2,tackle,91
3597,2,tackle,49
3598,1,kick,0
3599,1,kick,0
3600,1,kick,0
3601,3,pass,0
3602,3,pass,0
3603,1,kick,0
3604,2,tackle,77
3605,2,tackle,88
3606,3,pass,0
3607,2,tackle,106
3608,1,kick,0
3609,1,kick,0
3610,3,pass,0
3611,3,pass,0
3612,2,tackle,72
3613,1,kick,0
3614,3,pass,0
3615,1,kick,0
3616,2,tackle,71
3617,1,kick,0
3618,3,pass,0
3619,1,kick,0
3620,3,pass,0
3621,3,pass,0
3622,2,tackle,75
3623,2,tackle,91
3624,2,tackle,59
3625,2,tackle,71
3626,3,pass,0
3627,1,kick,0
3628,2,tackle,100
3629,1,kick,0
3630,2,tackle,80
3631,3,pass,0
3632,1,kick,0
3633,1,kick,0
3634,3,pass,0
3635,1,kick,0
3636,3,pass,0
3637,1,kick,0
